variant,x86_ms,x86_relative,arm_ms,arm_relative,x86_alloc_mb,arm_alloc_mb,series
inexact,1333,1.000,3918,1.000,8549,8549,fresh
typed-no-optimizer,1326,0.995,3941,1.006,8583,8583,fresh
typed-zfl-stock,864,0.648,4138,1.056,8503,8503,fresh
typed-zfl-cfl,996,0.747,5134,1.310,8537,8537,fresh
zero-test-fix,786,0.589,4082,1.038,6822,6822,prior-magnitude
ratio-no-infinity-check,768,0.575,3988,1.015,6822,6822,prior-magnitude
typed-zfl-alt-mag,644,0.483,3251,0.830,6822,6822,fresh
typed-zfl-squared-mag,655,0.491,2695,0.688,6822,6822,fresh
coercion-fix-stock-magnitude,504,0.378,2390,0.610,5166,5166,fresh
racket-cs-coercion-intrinsic-stock-tr,520,0.389,2347,0.606,5170,5170,intrinsic-paired
coercion-fix-alt-magnitude,456,0.342,1048,0.267,3485,3485,fresh
coercion-fix-squared-magnitude,424,0.318,889,0.227,3485,3485,fresh
hybrid-magnitude,745,0.558,3483,0.886,6822,6822,prior-magnitude
ordinary-ffi-libm-hypot,1306,0.978,4638,1.180,8523,8523,prior-magnitude
unsafe-flhypot-primitive,1338,1.002,3730,0.949,6822,6822,prior-magnitude
atomic-foreign-inline-libm-hypot,762,0.571,16367,4.164,6822,13548,prior-magnitude
typed-scalar,483,0.362,1836,0.469,3502,3502,fresh
typed-scalar-simpl,437,0.328,922,0.235,3502,3502,fresh
typed-scalar-cached,415,0.311,870,0.222,3502,3502,fresh
typed-scalar-named-let,334,0.251,570,0.145,119,119,fresh
typed-opt-generic,291,0.218,481,0.123,51,51,fresh
typed-opt,288,0.216,453,0.116,51,51,fresh
typed-opt-cross-add,278,0.209,410,0.105,51,51,fresh
typed-opt-cross-add-unsafe-i,285,0.214,343,0.088,51,51,fresh
typed-opt-cross-add-unsafe,284,0.213,329,0.084,35,35,fresh
roofline,279,0.209,324,0.083,1,1,fresh
