architecture,configuration,racket_commit,typed_racket_commit,variant,min_ms,max_ms,avg_ms,alloc_mb
x86,parent,6552499e20,c01299b5,inexact,1328,1331,1329,8549
x86,parent,6552499e20,c01299b5,typed,1325,1328,1327,8583
x86,parent,6552499e20,c01299b5,typed-zfl,859,866,863,8503
x86,parent,6552499e20,c01299b5,typed-zfl-cfl,991,999,994,8537
x86,parent,6552499e20,c01299b5,typed-zfl-alt-mag,639,666,647,6822
x86,parent,6552499e20,c01299b5,typed-scalar,482,482,482,3502
x86,parent,6552499e20,c01299b5,typed-scalar-simpl,436,438,437,3502
x86,parent,6552499e20,c01299b5,typed-opt,287,287,287,51
x86,parent,6552499e20,c01299b5,roofline,279,280,280,1
x86,parent,6552499e20,c01299b5,typed-zfl-squared-mag,649,651,650,6822
x86,parent,6552499e20,c01299b5,typed-scalar-cached,413,416,414,3502
x86,parent,6552499e20,c01299b5,typed-scalar-named-let,333,334,333,119
x86,parent,6552499e20,c01299b5,typed-opt-generic,291,291,291,51
x86,parent,6552499e20,c01299b5,typed-opt-cross-add,278,279,278,51
x86,parent,6552499e20,c01299b5,typed-opt-cross-add-four,281,282,282,51
x86,parent,6552499e20,c01299b5,typed-opt-cross-add-unsafe-i,284,286,285,51
x86,parent,6552499e20,c01299b5,typed-opt-cross-add-unsafe,282,283,283,35
x86,real-to-double,e6b47bd2ce,c01299b5,inexact,1329,1333,1331,8549
x86,real-to-double,e6b47bd2ce,c01299b5,typed,1324,1333,1328,8583
x86,real-to-double,e6b47bd2ce,c01299b5,typed-zfl,497,516,503,5166
x86,real-to-double,e6b47bd2ce,c01299b5,typed-zfl-cfl,645,648,646,5200
x86,real-to-double,e6b47bd2ce,c01299b5,typed-zfl-alt-mag,448,452,451,3485
x86,real-to-double,e6b47bd2ce,c01299b5,typed-scalar,477,480,479,3468
x86,real-to-double,e6b47bd2ce,c01299b5,typed-scalar-simpl,430,432,431,3468
x86,real-to-double,e6b47bd2ce,c01299b5,typed-opt,287,288,288,51
x86,real-to-double,e6b47bd2ce,c01299b5,roofline,280,280,280,1
x86,real-to-double,e6b47bd2ce,c01299b5,typed-zfl-squared-mag,417,418,418,3485
x86,real-to-double,e6b47bd2ce,c01299b5,typed-scalar-cached,407,408,408,3468
x86,real-to-double,e6b47bd2ce,c01299b5,typed-scalar-named-let,326,326,326,85
x86,real-to-double,e6b47bd2ce,c01299b5,typed-opt-generic,290,291,291,51
x86,real-to-double,e6b47bd2ce,c01299b5,typed-opt-cross-add,278,279,279,51
x86,real-to-double,e6b47bd2ce,c01299b5,typed-opt-cross-add-four,282,283,282,51
x86,real-to-double,e6b47bd2ce,c01299b5,typed-opt-cross-add-unsafe-i,285,288,286,51
x86,real-to-double,e6b47bd2ce,c01299b5,typed-opt-cross-add-unsafe,284,287,285,35
x86,complex-primitives,bf51bad18f,c01299b5,inexact,1330,1344,1335,8549
x86,complex-primitives,bf51bad18f,c01299b5,typed,1329,1369,1338,8583
x86,complex-primitives,bf51bad18f,c01299b5,typed-zfl,498,500,499,5166
x86,complex-primitives,bf51bad18f,c01299b5,typed-zfl-cfl,512,519,515,5166
x86,complex-primitives,bf51bad18f,c01299b5,typed-zfl-alt-mag,450,452,451,3485
x86,complex-primitives,bf51bad18f,c01299b5,typed-scalar,475,477,476,3468
x86,complex-primitives,bf51bad18f,c01299b5,typed-scalar-simpl,429,431,430,3468
x86,complex-primitives,bf51bad18f,c01299b5,typed-opt,287,288,288,51
x86,complex-primitives,bf51bad18f,c01299b5,roofline,279,280,279,1
x86,complex-primitives,bf51bad18f,c01299b5,typed-zfl-squared-mag,416,418,416,3485
x86,complex-primitives,bf51bad18f,c01299b5,typed-scalar-cached,406,409,408,3468
x86,complex-primitives,bf51bad18f,c01299b5,typed-scalar-named-let,326,350,336,85
x86,complex-primitives,bf51bad18f,c01299b5,typed-opt-generic,289,291,290,51
x86,complex-primitives,bf51bad18f,c01299b5,typed-opt-cross-add,277,279,278,51
x86,complex-primitives,bf51bad18f,c01299b5,typed-opt-cross-add-four,282,282,282,51
x86,complex-primitives,bf51bad18f,c01299b5,typed-opt-cross-add-unsafe-i,284,285,284,51
x86,complex-primitives,bf51bad18f,c01299b5,typed-opt-cross-add-unsafe,282,283,283,35
x86,head,789ef10c51,c01299b5,inexact,1328,1331,1329,8549
x86,head,789ef10c51,c01299b5,typed,1325,1332,1327,8583
x86,head,789ef10c51,c01299b5,typed-zfl,497,500,498,5166
x86,head,789ef10c51,c01299b5,typed-zfl-cfl,510,512,511,5166
x86,head,789ef10c51,c01299b5,typed-zfl-alt-mag,450,453,451,3485
x86,head,789ef10c51,c01299b5,typed-scalar,474,478,476,3468
x86,head,789ef10c51,c01299b5,typed-scalar-simpl,427,429,428,3468
x86,head,789ef10c51,c01299b5,typed-opt,287,288,287,51
x86,head,789ef10c51,c01299b5,roofline,279,280,280,1
x86,head,789ef10c51,c01299b5,typed-zfl-squared-mag,417,418,418,3485
x86,head,789ef10c51,c01299b5,typed-scalar-cached,408,411,410,3468
x86,head,789ef10c51,c01299b5,typed-scalar-named-let,325,326,326,85
x86,head,789ef10c51,c01299b5,typed-opt-generic,290,291,291,51
x86,head,789ef10c51,c01299b5,typed-opt-cross-add,278,278,278,51
x86,head,789ef10c51,c01299b5,typed-opt-cross-add-four,281,282,282,51
x86,head,789ef10c51,c01299b5,typed-opt-cross-add-unsafe-i,284,284,284,51
x86,head,789ef10c51,c01299b5,typed-opt-cross-add-unsafe,282,284,283,35
x86,head-plus-zero-test,789ef10c51,8c8af219,inexact,1326,1329,1328,8549
x86,head-plus-zero-test,789ef10c51,8c8af219,typed,1324,1330,1326,8583
x86,head-plus-zero-test,789ef10c51,8c8af219,typed-zfl,449,451,450,3485
x86,head-plus-zero-test,789ef10c51,8c8af219,typed-zfl-cfl,445,448,447,3485
x86,head-plus-zero-test,789ef10c51,8c8af219,typed-zfl-alt-mag,451,454,452,3485
x86,head-plus-zero-test,789ef10c51,8c8af219,typed-scalar,475,476,476,3468
x86,head-plus-zero-test,789ef10c51,8c8af219,typed-scalar-simpl,431,433,432,3468
x86,head-plus-zero-test,789ef10c51,8c8af219,typed-opt,287,288,287,51
x86,head-plus-zero-test,789ef10c51,8c8af219,roofline,280,280,280,1
x86,head-plus-zero-test,789ef10c51,8c8af219,typed-zfl-squared-mag,416,417,417,3485
x86,head-plus-zero-test,789ef10c51,8c8af219,typed-scalar-cached,406,408,407,3468
x86,head-plus-zero-test,789ef10c51,8c8af219,typed-scalar-named-let,326,327,326,85
x86,head-plus-zero-test,789ef10c51,8c8af219,typed-opt-generic,290,291,291,51
x86,head-plus-zero-test,789ef10c51,8c8af219,typed-opt-cross-add,276,278,277,51
x86,head-plus-zero-test,789ef10c51,8c8af219,typed-opt-cross-add-four,282,282,282,51
x86,head-plus-zero-test,789ef10c51,8c8af219,typed-opt-cross-add-unsafe-i,284,285,284,51
x86,head-plus-zero-test,789ef10c51,8c8af219,typed-opt-cross-add-unsafe,282,284,283,35
arm,parent,6552499e20,c01299b5,inexact,3854,3867,3860,8583
arm,parent,6552499e20,c01299b5,typed,3578,3590,3583,8616
arm,parent,6552499e20,c01299b5,typed-zfl,4304,4339,4318,8537
arm,parent,6552499e20,c01299b5,typed-zfl-cfl,5016,5050,5034,8571
arm,parent,6552499e20,c01299b5,typed-zfl-alt-mag,3092,3137,3105,6855
arm,parent,6552499e20,c01299b5,typed-scalar,1832,1840,1836,3502
arm,parent,6552499e20,c01299b5,typed-scalar-simpl,921,928,924,3502
arm,parent,6552499e20,c01299b5,typed-opt,455,456,456,51
arm,parent,6552499e20,c01299b5,roofline,323,324,324,1
arm,parent,6552499e20,c01299b5,typed-zfl-squared-mag,2643,2678,2657,6855
arm,parent,6552499e20,c01299b5,typed-scalar-cached,863,869,867,3502
arm,parent,6552499e20,c01299b5,typed-scalar-named-let,568,572,569,119
arm,parent,6552499e20,c01299b5,typed-opt-generic,481,482,481,51
arm,parent,6552499e20,c01299b5,typed-opt-cross-add,410,411,410,51
arm,parent,6552499e20,c01299b5,typed-opt-cross-add-four,420,420,420,51
arm,parent,6552499e20,c01299b5,typed-opt-cross-add-unsafe-i,344,344,344,51
arm,parent,6552499e20,c01299b5,typed-opt-cross-add-unsafe,331,333,332,35
arm,real-to-double,e6b47bd2ce,c01299b5,inexact,3583,3620,3599,8583
arm,real-to-double,e6b47bd2ce,c01299b5,typed,3576,3593,3587,8616
arm,real-to-double,e6b47bd2ce,c01299b5,typed-zfl,2364,2372,2369,5200
arm,real-to-double,e6b47bd2ce,c01299b5,typed-zfl-cfl,3231,3243,3235,5233
arm,real-to-double,e6b47bd2ce,c01299b5,typed-zfl-alt-mag,1023,1031,1026,3518
arm,real-to-double,e6b47bd2ce,c01299b5,typed-scalar,1826,1832,1829,3468
arm,real-to-double,e6b47bd2ce,c01299b5,typed-scalar-simpl,902,907,904,3468
arm,real-to-double,e6b47bd2ce,c01299b5,typed-opt,453,454,453,51
arm,real-to-double,e6b47bd2ce,c01299b5,roofline,323,323,323,1
arm,real-to-double,e6b47bd2ce,c01299b5,typed-zfl-squared-mag,864,867,865,3518
arm,real-to-double,e6b47bd2ce,c01299b5,typed-scalar-cached,851,860,855,3468
arm,real-to-double,e6b47bd2ce,c01299b5,typed-scalar-named-let,551,552,551,85
arm,real-to-double,e6b47bd2ce,c01299b5,typed-opt-generic,481,485,483,51
arm,real-to-double,e6b47bd2ce,c01299b5,typed-opt-cross-add,411,412,412,51
arm,real-to-double,e6b47bd2ce,c01299b5,typed-opt-cross-add-four,415,416,416,51
arm,real-to-double,e6b47bd2ce,c01299b5,typed-opt-cross-add-unsafe-i,340,342,341,51
arm,real-to-double,e6b47bd2ce,c01299b5,typed-opt-cross-add-unsafe,328,328,328,35
arm,complex-primitives,bf51bad18f,c01299b5,inexact,3591,3608,3599,8549
arm,complex-primitives,bf51bad18f,c01299b5,typed,3825,3852,3837,8583
arm,complex-primitives,bf51bad18f,c01299b5,typed-zfl,2366,2400,2384,5166
arm,complex-primitives,bf51bad18f,c01299b5,typed-zfl-cfl,2530,2547,2539,5166
arm,complex-primitives,bf51bad18f,c01299b5,typed-zfl-alt-mag,1023,1029,1027,3485
arm,complex-primitives,bf51bad18f,c01299b5,typed-scalar,1817,1826,1821,3468
arm,complex-primitives,bf51bad18f,c01299b5,typed-scalar-simpl,902,904,903,3468
arm,complex-primitives,bf51bad18f,c01299b5,typed-opt,452,453,452,51
arm,complex-primitives,bf51bad18f,c01299b5,roofline,327,327,327,1
arm,complex-primitives,bf51bad18f,c01299b5,typed-zfl-squared-mag,852,860,856,3485
arm,complex-primitives,bf51bad18f,c01299b5,typed-scalar-cached,853,859,857,3468
arm,complex-primitives,bf51bad18f,c01299b5,typed-scalar-named-let,548,549,548,85
arm,complex-primitives,bf51bad18f,c01299b5,typed-opt-generic,480,481,480,51
arm,complex-primitives,bf51bad18f,c01299b5,typed-opt-cross-add,413,414,413,51
arm,complex-primitives,bf51bad18f,c01299b5,typed-opt-cross-add-four,416,417,417,51
arm,complex-primitives,bf51bad18f,c01299b5,typed-opt-cross-add-unsafe-i,339,340,340,51
arm,complex-primitives,bf51bad18f,c01299b5,typed-opt-cross-add-unsafe,327,328,328,35
arm,head,789ef10c51,c01299b5,inexact,3879,3894,3886,8549
arm,head,789ef10c51,c01299b5,typed,3586,3595,3590,8583
arm,head,789ef10c51,c01299b5,typed-zfl,2372,2398,2385,5166
arm,head,789ef10c51,c01299b5,typed-zfl-cfl,2567,2599,2580,5166
arm,head,789ef10c51,c01299b5,typed-zfl-alt-mag,1016,1022,1019,3485
arm,head,789ef10c51,c01299b5,typed-scalar,1824,1837,1829,3468
arm,head,789ef10c51,c01299b5,typed-scalar-simpl,903,915,909,3468
arm,head,789ef10c51,c01299b5,typed-opt,449,450,449,51
arm,head,789ef10c51,c01299b5,roofline,323,323,323,1
arm,head,789ef10c51,c01299b5,typed-zfl-squared-mag,857,866,862,3485
arm,head,789ef10c51,c01299b5,typed-scalar-cached,857,865,861,3468
arm,head,789ef10c51,c01299b5,typed-scalar-named-let,550,551,551,85
arm,head,789ef10c51,c01299b5,typed-opt-generic,484,484,484,51
arm,head,789ef10c51,c01299b5,typed-opt-cross-add,409,412,410,51
arm,head,789ef10c51,c01299b5,typed-opt-cross-add-four,421,422,422,51
arm,head,789ef10c51,c01299b5,typed-opt-cross-add-unsafe-i,336,338,337,51
arm,head,789ef10c51,c01299b5,typed-opt-cross-add-unsafe,327,328,327,35
arm,head-plus-zero-test,789ef10c51,8c8af219,inexact,3874,3902,3887,8549
arm,head-plus-zero-test,789ef10c51,8c8af219,typed,3569,3583,3578,8583
arm,head-plus-zero-test,789ef10c51,8c8af219,typed-zfl,1678,1688,1683,3485
arm,head-plus-zero-test,789ef10c51,8c8af219,typed-zfl-cfl,1703,1718,1709,3485
arm,head-plus-zero-test,789ef10c51,8c8af219,typed-zfl-alt-mag,1021,1029,1025,3485
arm,head-plus-zero-test,789ef10c51,8c8af219,typed-scalar,1818,1828,1824,3468
arm,head-plus-zero-test,789ef10c51,8c8af219,typed-scalar-simpl,903,912,909,3468
arm,head-plus-zero-test,789ef10c51,8c8af219,typed-opt,450,451,450,51
arm,head-plus-zero-test,789ef10c51,8c8af219,roofline,325,326,326,1
arm,head-plus-zero-test,789ef10c51,8c8af219,typed-zfl-squared-mag,859,870,864,3485
arm,head-plus-zero-test,789ef10c51,8c8af219,typed-scalar-cached,853,873,861,3468
arm,head-plus-zero-test,789ef10c51,8c8af219,typed-scalar-named-let,551,553,552,85
arm,head-plus-zero-test,789ef10c51,8c8af219,typed-opt-generic,480,482,481,51
arm,head-plus-zero-test,789ef10c51,8c8af219,typed-opt-cross-add,409,410,409,51
arm,head-plus-zero-test,789ef10c51,8c8af219,typed-opt-cross-add-four,417,418,417,51
arm,head-plus-zero-test,789ef10c51,8c8af219,typed-opt-cross-add-unsafe-i,343,344,344,51
arm,head-plus-zero-test,789ef10c51,8c8af219,typed-opt-cross-add-unsafe,331,332,331,35
